Workbook

Sheet points
A1: id | B1: index | C1: idCity | D1: city | E1: idStreet | F1: street | G1: house
A2: 1 | B2: 344288 | C2: =LOOKUP(D2:D37,city!$B$2,city!$A$2) -> 1 | D2: г.Нефтеюганск | E2: =LOOKUP(F2:F37,street!$B$2:$B$31,street!$A$2:$A$31) -> 26 | F2: ул. Чехова | G2: 1
A3: 2 | B3: 614164 | C3: =LOOKUP(D3:D38,city!$B$2,city!$A$2) -> 1 | D3: г.Нефтеюганск | E3: =LOOKUP(F3:F38,street!$B$2:$B$31,street!$A$2:$A$31) -> 29 | F3: ул. Степная | G3: 30
A4: 3 | B4: 394242 | C4: =LOOKUP(D4:D39,city!$B$2,city!$A$2) -> 1 | D4: г.Нефтеюганск | E4: =LOOKUP(F4:F39,street!$B$2:$B$31,street!$A$2:$A$31) -> 6 | F4: ул. Коммунистическая | G4: 43
A5: 4 | B5: 660540 | C5: =LOOKUP(D5:D40,city!$B$2,city!$A$2) -> 1 | D5: г.Нефтеюганск | E5: =LOOKUP(F5:F40,street!$B$2:$B$31,street!$A$2:$A$31) -> 22 | F5: ул. Солнечная | G5: 25
A6: 5 | B6: 125837 | C6: =LOOKUP(D6:D41,city!$B$2,city!$A$2) -> 1 | D6: г.Нефтеюганск | E6: =LOOKUP(F6:F41,street!$B$2:$B$31,street!$A$2:$A$31) -> 28 | F6: ул. Шоссейная | G6: 40
A7: 6 | B7: 125703 | C7: =LOOKUP(D7:D42,city!$B$2,city!$A$2) -> 1 | D7: г.Нефтеюганск | E7: =LOOKUP(F7:F42,street!$B$2:$B$31,street!$A$2:$A$31) -> 15 | F7: ул. Партизанская | G7: 49
A8: 7 | B8: 625283 | C8: =LOOKUP(D8:D43,city!$B$2,city!$A$2) -> 1 | D8: г.Нефтеюганск | E8: =LOOKUP(F8:F43,street!$B$2:$B$31,street!$A$2:$A$31) -> 16 | F8: ул. Победы | G8: 46
A9: 8 | B9: 614611 | C9: =LOOKUP(D9:D44,city!$B$2,city!$A$2) -> 1 | D9: г.Нефтеюганск | E9: =LOOKUP(F9:F44,street!$B$2:$B$31,street!$A$2:$A$31) -> 10 | F9: ул. Молодежная | G9: 50
A10: 9 | B10: 454311 | C10: =LOOKUP(D10:D45,city!$B$2,city!$A$2) -> 1 | D10: г.Нефтеюганск | E10: =LOOKUP(F10:F45,street!$B$2:$B$31,street!$A$2:$A$31) -> 13 | F10: ул. Новая | G10: 19
A11: 10 | B11: 660007 | C11: =LOOKUP(D11:D46,city!$B$2,city!$A$2) -> 1 | D11: г.Нефтеюганск | E11: =LOOKUP(F11:F46,street!$B$2:$B$31,street!$A$2:$A$31) -> 14 | F11: ул. Октябрьская | G11: 19
A12: 11 | B12: 603036 | C12: =LOOKUP(D12:D47,city!$B$2,city!$A$2) -> 1 | D12: г.Нефтеюганск | E12: =LOOKUP(F12:F47,street!$B$2:$B$31,street!$A$2:$A$31) -> 19 | F12: ул. Садовая | G12: 4
A13: 12 | B13: 450983 | C13: =LOOKUP(D13:D48,city!$B$2,city!$A$2) -> 1 | D13: г.Нефтеюганск | E13: =LOOKUP(F13:F48,street!$B$2:$B$31,street!$A$2:$A$31) -> 7 | F13: ул. Комсомольская | G13: 26
... A19: 18 | B19: 625590 | C19: =LOOKUP(D19:D54,city!$B$2,city!$A$2) -> 1 | D19: г.Нефтеюганск | E19: =LOOKUP(F19:F54,street!$B$2:$B$31,street!$A$2:$A$31) -> 6 | F19: ул. Коммунистическая | G19: 20
A20: 19 | B20: 625683 | C20: =LOOKUP(D20:D55,city!$B$2,city!$A$2) -> 1 | D20: г.Нефтеюганск | E20: =LOOKUP(F20:F55,street!$B$2:$B$31,street!$A$2:$A$31) -> 1 | F20: ул. 8 Марта | G20: NULL
A21: 20 | B21: 400562 | C21: =LOOKUP(D21:D56,city!$B$2,city!$A$2) -> 1 | D21: г.Нефтеюганск | E21: =LOOKUP(F21:F56,street!$B$2:$B$31,street!$A$2:$A$31) -> 5 | F21: ул. Зеленая | G21: 32
A22: 21 | B22: 614510 | C22: =LOOKUP(D22:D57,city!$B$2,city!$A$2) -> 1 | D22: г.Нефтеюганск | E22: =LOOKUP(F22:F57,street!$B$2:$B$31,street!$A$2:$A$31) -> 8 | F22: ул. Маяковского | G22: 47
A23: 22 | B23: 410542 | C23: =LOOKUP(D23:D58,city!$B$2,city!$A$2) -> 1 | D23: г.Нефтеюганск | E23: =LOOKUP(F23:F58,street!$B$2:$B$31,street!$A$2:$A$31) -> 20 | F23: ул. Светлая | G23: 46
A24: 23 | B24: 620839 | C24: =LOOKUP(D24:D59,city!$B$2,city!$A$2) -> 1 | D24: г.Нефтеюганск | E24: =LOOKUP(F24:F59,street!$B$2:$B$31,street!$A$2:$A$31) -> 25 | F24: ул. Цветочная | G24: 8
A25: 24 | B25: 443890 | C25: =LOOKUP(D25:D60,city!$B$2,city!$A$2) -> 1 | D25: г.Нефтеюганск | E25: =LOOKUP(F25:F60,street!$B$2:$B$31,street!$A$2:$A$31) -> 6 | F25: ул. Коммунистическая | G25: 1
A26: 25 | B26: 603379 | C26: =LOOKUP(D26:D61,city!$B$2,city!$A$2) -> 1 | D26: г.Нефтеюганск | E26: =LOOKUP(F26:F61,street!$B$2:$B$31,street!$A$2:$A$31) -> 23 | F26: ул. Спортивная | G26: 46
A27: 26 | B27: 603721 | C27: =LOOKUP(D27:D62,city!$B$2,city!$A$2) -> 1 | D27: г.Нефтеюганск | E27: =LOOKUP(F27:F62,street!$B$2:$B$31,street!$A$2:$A$31) -> 3 | F27: ул. Гоголя | G27: 41
A28: 27 | B28: 410172 | C28: =LOOKUP(D28:D63,city!$B$2,city!$A$2) -> 1 | D28: г.Нефтеюганск | E28: =LOOKUP(F28:F63,street!$B$2:$B$31,street!$A$2:$A$31) -> 21 | F28: ул. Северная | G28: 13
A29: 28 | B29: 420151 | C29: =LOOKUP(D29:D64,city!$B$2,city!$A$2) -> 1 | D29: г.Нефтеюганск | E29: =LOOKUP(F29:F64,street!$B$2:$B$31,street!$A$2:$A$31) -> 2 | F29: ул. Вишневая | G29: 32
A30: 29 | B30: 125061 | C30: =LOOKUP(D30:D65,city!$B$2,city!$A$2) -> 1 | D30: г.Нефтеюганск | E30: =LOOKUP(F30:F65,street!$B$2:$B$31,street!$A$2:$A$31) -> 17 | F30: ул. Подгорная | G30: 8
A31: 30 | B31: 630370 | C31: =LOOKUP(D31:D66,city!$B$2,city!$A$2) -> 1 | D31: г.Нефтеюганск | E31: =LOOKUP(F31:F66,street!$B$2:$B$31,street!$A$2:$A$31) -> 28 | F31: ул. Шоссейная | G31: 24
A32: 31 | B32: 614753 | C32: =LOOKUP(D32:D67,city!$B$2,city!$A$2) -> 1 | D32: г.Нефтеюганск | E32: =LOOKUP(F32:F67,street!$B$2:$B$31,street!$A$2:$A$31) -> 18 | F32: ул. Полевая | G32: 35
... A37: 36 | B37: 190949 | C37: =LOOKUP(D37:D72,city!$B$2,city!$A$2) -> 1 | D37: г.Нефтеюганск | E37: =LOOKUP(F37:F72,street!$B$2:$B$31,street!$A$2:$A$31) -> 9 | F37: ул. Мичурина | G37: 26

Sheet orders
A1: id | B1: structure | C1: orderDate | D1: deliverDate | E1: point | F1: lname | G1: fname | H1: patro | I1: code | J1: idStatus | K1: Статус заказа
A2: 1 | B2: А112Т4, 15, G453T5, 1 | C2: 44687 | D2: 44693 | E2: 25 | F2: NULL | G2: NULL | H2: NULL | I2: 601 | J2: =LOOKUP(K2:K11,status!$B$2:$B$3,status!$A$2:$A$3) -> 2 | K2: Новый
A3: 2 | B3: F432F4, 15, Y324F4, 15 | C3: 44687 | D3: 44693 | E3: 20 | F3: NULL | G3: NULL | H3: NULL | I3: 602 | J3: =LOOKUP(K3:K12,status!$B$2:$B$3,status!$A$2:$A$3) -> 2 | K3: Новый
A4: 3 | B4: E532Q5, 10, T432F4, 10 | C4: 44689 | D4: 44695 | E4: 22 | F4: Шилова | G4: Майя | H4: Артемьевна | I4: 603 | J4: =LOOKUP(K4:K13,status!$B$2:$B$3,status!$A$2:$A$3) -> 1 | K4: Завершен
A5: 4 | B5: G345E4, 1, E345R4, 2 | C5: 44689 | D5: 44695 | E5: 24 | F5: NULL | G5: NULL | H5: NULL | I5: 604 | J5: =LOOKUP(K5:K14,status!$B$2:$B$3,status!$A$2:$A$3) -> 1 | K5: Завершен
A6: 5 | B6: R356F4, 1, E431R5, 10 | C6: 44691 | D6: 44697 | E6: 25 | F6: NULL | G6: NULL | H6: NULL | I6: 605 | J6: =LOOKUP(K6:K15,status!$B$2:$B$3,status!$A$2:$A$3) -> 1 | K6: Завершен
A7: 6 | B7: H436R4, 1, D643B5, 1 | C7: 44692 | D7: 44698 | E7: 28 | F7: Филимонов | G7: Роберт | H7: Васильевич | I7: 606 | J7: =LOOKUP(K7:K16,status!$B$2:$B$3,status!$A$2:$A$3) -> 1 | K7: Завершен
A8: 7 | B8: H342F5, 2, Q245F5, 2 | C8: 44693 | D8: 44699 | E8: 36 | F8: NULL | G8: NULL | H8: NULL | I8: 607 | J8: =LOOKUP(K8:K17,status!$B$2:$B$3,status!$A$2:$A$3) -> 2 | K8: Новый
A9: 8 | B9: K436T5, 1, V527T5, 1 | C9: 44694 | D9: 44700 | E9: 32 | F9: NULL | G9: NULL | H9: NULL | I9: 608 | J9: =LOOKUP(K9:K18,status!$B$2:$B$3,status!$A$2:$A$3) -> 2 | K9: Новый
A10: 9 | B10: V527T5, 1, K452T5, 1 | C10: 44696 | D10: 44702 | E10: 34 | F10: Волкова | G10: Эмилия | H10: Артёмовна | I10: 609 | J10: =LOOKUP(K10:K19,status!$B$2:$B$3,status!$A$2:$A$3) -> 2 | K10: Новый
A11: 10 | B11: M356R4, 1, W548O7, 1 | C11: 44696 | D11: 44702 | E11: 36 | F11: Чистякова | G11: Виктория | H11: Степановна | I11: 610 | J11: =LOOKUP(K11:K20,status!$B$2:$B$3,status!$A$2:$A$3) -> 1 | K11: Завершен

Sheet user
A1: id | B1: idRoles | C1: roles | D1: lname | E1: fname | F1: patro | G1: login | H1: login | I1: password
A2: 1 | B2: =LOOKUP(C2:C11,roles!$B$2:$B$4,roles!$A$2:$A$4) -> 1 | C2: Администратор | D2: Суслов | E2: Илья | F2: Арсентьевич | G2: pixil59@gmail.com | H2: =CLEAN(G2) -> pixil59@gmail.com | I2: 2L6KZG
A3: 2 | B3: =LOOKUP(C3:C12,roles!$B$2:$B$4,roles!$A$2:$A$4) -> 1 | C3: Администратор | D3: Яковлева | E3: Ярослава | F3: Даниэльевна | G3: deummecillummu-4992@mail.ru | H3: =CLEAN(G3) -> deummecillummu-4992@mail.ru | I3: uzWC67
A4: 3 | B4: =LOOKUP(C4:C13,roles!$B$2:$B$4,roles!$A$2:$A$4) -> 1 | C4: Администратор | D4: Игнатьева | E4: Алина | F4: Михайловна | G4: vilagajaunne-5170@yandex.ru | H4: =CLEAN(G4) -> vilagajaunne-5170@yandex.ru | I4: 8ntwUp
A5: 4 | B5: =LOOKUP(C5:C14,roles!$B$2:$B$4,roles!$A$2:$A$4) -> 3 | C5: Менеджер | D5: Денисов | E5: Михаил | F5: Романович | G5: frusubroppotou656@yandex.ru | H5: =CLEAN(G5) -> frusubroppotou656@yandex.ru | I5: YOyhfR
A6: 5 | B6: =LOOKUP(C6:C15,roles!$B$2:$B$4,roles!$A$2:$A$4) -> 3 | C6: Менеджер | D6: Тимофеев | E6: Михаил | F6: Елисеевич | G6: leuttevitrafo1998@mail.ru | H6: =CLEAN(G6) -> leuttevitrafo1998@mail.ru | I6: RSbvHv | L6: 1 | M6: =LOOKUP(N6:N15,roles!$B$2:$B$4,roles!$A$2:$A$4) -> 1 | N6: Администратор | O6: Суслов | P6: Илья | Q6: Арсентьевич | R6: pixil59@gmail.com | S6: 2L6KZG
A7: 6 | B7: =LOOKUP(C7:C16,roles!$B$2:$B$4,roles!$A$2:$A$4) -> 3 | C7: Менеджер | D7: Соловьев | E7: Ярослав | F7: Маркович | G7: frapreubrulloba1141@yandex.ru | H7: =CLEAN(G7) -> frapreubrulloba1141@yandex.ru | I7: rwVDh9 | L7: 2 | M7: =LOOKUP(N7:N16,roles!$B$2:$B$4,roles!$A$2:$A$4) -> 1 | N7: Администратор | O7: Яковлева | P7: Ярослава | Q7: Даниэльевна | R7: deummecillummu-4992@mail.ru | S7: uzWC67
A8: 7 | B8: =LOOKUP(C8:C17,roles!$B$2:$B$4,roles!$A$2:$A$4) -> 2 | C8: Клиент | D8: Филимонов | E8: Роберт | F8: Васильевич | G8: loudittoimmolau1900@gmail.com | H8: =CLEAN(G8) -> loudittoimmolau1900@gmail.com | I8: LdNyos | L8: 3 | M8: =LOOKUP(N8:N17,roles!$B$2:$B$4,roles!$A$2:$A$4) -> 1 | N8: Администратор | O8: Игнатьева | P8: Алина | Q8: Михайловна | R8: vilagajaunne-5170@yandex.ru | S8: 8ntwUp
A9: 8 | B9: =LOOKUP(C9:C18,roles!$B$2:$B$4,roles!$A$2:$A$4) -> 2 | C9: Клиент | D9: Шилова | E9: Майя | F9: Артемьевна | G9: hittuprofassa4984@mail.com | H9: =CLEAN(G9) -> hittuprofassa4984@mail.com | I9: gynQMT | L9: 4 | M9: =LOOKUP(N9:N18,roles!$B$2:$B$4,roles!$A$2:$A$4) -> 3 | N9: Менеджер | O9: Денисов | P9: Михаил | Q9: Романович | R9: frusubroppotou656@yandex.ru | S9: YOyhfR
A10: 9 | B10: =LOOKUP(C10:C19,roles!$B$2:$B$4,roles!$A$2:$A$4) -> 2 | C10: Клиент | D10: Чистякова | E10: Виктория | F10: Степановна | G10: freineiciweijau888@yandex.ru | H10: =CLEAN(G10) -> freineiciweijau888@yandex.ru | I10: AtnDjr | L10: 5 | M10: =LOOKUP(N10:N19,roles!$B$2:$B$4,roles!$A$2:$A$4) -> 3 | N10: Менеджер | O10: Тимофеев | P10: Михаил | Q10: Елисеевич | R10: leuttevitrafo1998@mail.ru | S10: RSbvHv
A11: 10 | B11: =LOOKUP(C11:C20,roles!$B$2:$B$4,roles!$A$2:$A$4) -> 2 | C11: Клиент | D11: Волкова | E11: Эмилия | F11: Артёмовна | G11: nokupekidda2001@gmail.com | H11: =CLEAN(G11) -> nokupekidda2001@gmail.com | I11: JlFRCZ | L11: 6 | M11: =LOOKUP(N11:N20,roles!$B$2:$B$4,roles!$A$2:$A$4) -> 3 | N11: Менеджер | O11: Соловьев | P11: Ярослав | Q11: Маркович | R11: frapreubrulloba1141@yandex.ru | S11: rwVDh9
L12: 7 | M12: =LOOKUP(N12:N21,roles!$B$2:$B$4,roles!$A$2:$A$4) -> 2 | N12: Клиент | O12: Филимонов | P12: Роберт | Q12: Васильевич | R12: loudittoimmolau1900@gmail.com | S12: LdNyos
L13: 8 | M13: =LOOKUP(N13:N22,roles!$B$2:$B$4,roles!$A$2:$A$4) -> 2 | N13: Клиент | O13: Шилова | P13: Майя | Q13: Артемьевна | R13: hittuprofassa4984@mail.com | S13: gynQMT
L14: 9 | M14: =LOOKUP(N14:N23,roles!$B$2:$B$4,roles!$A$2:$A$4) -> 2 | N14: Клиент | O14: Чистякова | P14: Виктория | Q14: Степановна | R14: freineiciweijau888@yandex.ru | S14: AtnDjr
L15: 10 | M15: =LOOKUP(N15:N24,roles!$B$2:$B$4,roles!$A$2:$A$4) -> 2 | N15: Клиент | O15: Волкова | P15: Эмилия | Q15: Артёмовна | R15: nokupekidda2001@gmail.com | S15: JlFRCZ

Sheet items
A1: id | B1: article | C1: idName | D1: name | E1: idQuantity | F1: Единица измерения | G1: Стоимость | H1: Размер максимально возможной скидки | I1: idProducer | J1: producer | K1: idDeliverer | L1: deliverer | M1: idCategory | N1: category | O1: Действующая скидка | P1: Кол-во на складе | Q1: Описание | R1: Изображение | S1: imageHolder
A2: 1 | B2: А112Т4 | C2: =LOOKUP(D2:D31,name!$B$2:$B$9,name!$A$2:$A$9) -> 3 | D2: Лакомство | E2: =LOOKUP(F2:F31,quantityType!$B$2,quantityType!$A$2) -> 1 | F2: шт. | G2: 123 | H2: 30 | I2: =LOOKUP(J2:J31,producer!$B$2:$B$14,producer!$A$2:$A$14) -> 4 | J2: Dreames | K2: =LOOKUP(L2:L31,deliverer!$B$2:$B$3,deliverer!$A$2:$A$3) -> 1 | L2: PetShop | M2: =LOOKUP(N2:N31,category!$B$2:$B$4,category!$A$2:$A$4) -> 2 | N2: Товары для кошек | O2: 3 | P2: 6 | Q2: Лакомство для кошек Dreamies Подушечки с курицей, 140 г | R2: А112Т4.png | S2: NULL
A3: 2 | B3: G453T5 | C3: =LOOKUP(D3:D32,name!$B$2:$B$9,name!$A$2:$A$9) -> 8 | D3: Щетка-варежка | E3: =LOOKUP(F3:F32,quantityType!$B$2,quantityType!$A$2) -> 1 | F3: шт. | G3: 149 | H3: 15 | I3: =LOOKUP(J3:J32,producer!$B$2:$B$14,producer!$A$2:$A$14) -> 12 | J3: True Touch | K3: =LOOKUP(L3:L32,deliverer!$B$2:$B$3,deliverer!$A$2:$A$3) -> 2 | L3: ZooMir | M3: =LOOKUP(N3:N32,category!$B$2:$B$4,category!$A$2:$A$4) -> 1 | N3: Для животных | O3: 2 | P3: 7 | Q3: Щетка-варежка True Touch для вычесывания шерсти, синий | R3: G453T5.jpg | S3: NULL
A4: 3 | B4: F432F4 | C4: =LOOKUP(D4:D33,name!$B$2:$B$9,name!$A$2:$A$9) -> 7 | D4: Сухой корм | E4: =LOOKUP(F4:F33,quantityType!$B$2,quantityType!$A$2) -> 1 | F4: шт. | G4: 1200 | H4: 10 | I4: =LOOKUP(J4:J33,producer!$B$2:$B$14,producer!$A$2:$A$14) -> 8 | J4: Pro Plan | K4: =LOOKUP(L4:L33,deliverer!$B$2:$B$3,deliverer!$A$2:$A$3) -> 2 | L4: ZooMir | M4: =LOOKUP(N4:N33,category!$B$2:$B$4,category!$A$2:$A$4) -> 2 | N4: Товары для кошек | O4: 3 | P4: 15 | Q4: Сухой корм для кошек Pro Plan с чувствительным пищеварением | R4: F432F4.jpg | S4: NULL
A5: 4 | B5: Y324F4 | C5: =LOOKUP(D5:D34,name!$B$2:$B$9,name!$A$2:$A$9) -> 3 | D5: Лакомство | E5: =LOOKUP(F5:F34,quantityType!$B$2,quantityType!$A$2) -> 1 | F5: шт. | G5: 86 | H5: 5 | I5: =LOOKUP(J5:J34,producer!$B$2:$B$14,producer!$A$2:$A$14) -> 9 | J5: TitBit | K5: =LOOKUP(L5:L34,deliverer!$B$2:$B$3,deliverer!$A$2:$A$3) -> 1 | L5: PetShop | M5: =LOOKUP(N5:N34,category!$B$2:$B$4,category!$A$2:$A$4) -> 3 | N5: Товары для собак | O5: 4 | P5: 17 | Q5: Лакомство для собак Titbit Косточки мясные с индейкой и ягненком, 145 г | R5: Y324F4.jpg | S5: NULL
A6: 5 | B6: E532Q5 | C6: =LOOKUP(D6:D35,name!$B$2:$B$9,name!$A$2:$A$9) -> 3 | D6: Лакомство | E6: =LOOKUP(F6:F35,quantityType!$B$2,quantityType!$A$2) -> 1 | F6: шт. | G6: 166 | H6: 15 | I6: =LOOKUP(J6:J35,producer!$B$2:$B$14,producer!$A$2:$A$14) -> 9 | J6: TitBit | K6: =LOOKUP(L6:L35,deliverer!$B$2:$B$3,deliverer!$A$2:$A$3) -> 1 | L6: PetShop | M6: =LOOKUP(N6:N35,category!$B$2:$B$4,category!$A$2:$A$4) -> 3 | N6: Товары для собак | O6: 5 | P6: 18 | Q6: Лакомство для собак Titbit Печенье Био Десерт с лососем стандарт, 350 г | R6: E532Q5.jpg | S6: NULL
A7: 6 | B7: T432F4 | C7: =LOOKUP(D7:D36,name!$B$2:$B$9,name!$A$2:$A$9) -> 7 | D7: Сухой корм | E7: =LOOKUP(F7:F36,quantityType!$B$2,quantityType!$A$2) -> 1 | F7: шт. | G7: 1700 | H7: 25 | I7: =LOOKUP(J7:J36,producer!$B$2:$B$14,producer!$A$2:$A$14) -> 2 | J7: Chappy | K7: =LOOKUP(L7:L36,deliverer!$B$2:$B$3,deliverer!$A$2:$A$3) -> 2 | L7: ZooMir | M7: =LOOKUP(N7:N36,category!$B$2:$B$4,category!$A$2:$A$4) -> 3 | N7: Товары для собак | O7: 2 | P7: 5 | Q7: Сухой корм для собак Chappi говядина по-домашнему, с овощами | R7: T432F4.jpg | S7: NULL
A8: 7 | B8: G345E4 | C8: =LOOKUP(D8:D37,name!$B$2:$B$9,name!$A$2:$A$9) -> 6 | D8: Мячик | E8: =LOOKUP(F8:F37,quantityType!$B$2,quantityType!$A$2) -> 1 | F8: шт. | G8: 300 | H8: 5 | I8: =LOOKUP(J8:J37,producer!$B$2:$B$14,producer!$A$2:$A$14) -> 6 | J8: LIKER | K8: =LOOKUP(L8:L37,deliverer!$B$2:$B$3,deliverer!$A$2:$A$3) -> 2 | L8: ZooMir | M8: =LOOKUP(N8:N37,category!$B$2:$B$4,category!$A$2:$A$4) -> 3 | N8: Товары для собак | O8: 3 | P8: 19 | Q8: Мячик для собак LIKER Мячик Лайкер (6294) оранжевый | R8: G345E4.jpg | S8: NULL
A9: 8 | B9: E345R4 | C9: =LOOKUP(D9:D38,name!$B$2:$B$9,name!$A$2:$A$9) -> 1 | D9: Игрушка | E9: =LOOKUP(F9:F38,quantityType!$B$2,quantityType!$A$2) -> 1 | F9: шт. | G9: 199 | H9: 5 | I9: =LOOKUP(J9:J38,producer!$B$2:$B$14,producer!$A$2:$A$14) -> 5 | J9: Fancy Pets | K9: =LOOKUP(L9:L38,deliverer!$B$2:$B$3,deliverer!$A$2:$A$3) -> 2 | L9: ZooMir | M9: =LOOKUP(N9:N38,category!$B$2:$B$4,category!$A$2:$A$4) -> 2 | N9: Товары для кошек | O9: 5 | P9: 7 | Q9: Игрушка для животных «Котик» с кошачьей мятой FANCY PETS | R9: E345R4.jpg | S9: NULL
A10: 9 | B10: R356F4 | C10: =LOOKUP(D10:D39,name!$B$2:$B$9,name!$A$2:$A$9) -> 5 | D10: Миска | E10: =LOOKUP(F10:F39,quantityType!$B$2,quantityType!$A$2) -> 1 | F10: шт. | G10: 234 | H10: 10 | I10: =LOOKUP(J10:J39,producer!$B$2:$B$14,producer!$A$2:$A$14) -> 7 | J10: Nobby | K10: =LOOKUP(L10:L39,deliverer!$B$2:$B$3,deliverer!$A$2:$A$3) -> 1 | L10: PetShop | M10: =LOOKUP(N10:N39,category!$B$2:$B$4,category!$A$2:$A$4) -> 3 | N10: Товары для собак | O10: 3 | P10: 17 | Q10: Миска Nobby с рисунком Dog для собак 130 мл красный | R10: R356F4.jpg | S10: NULL
A11: 10 | B11: E431R5 | C11: =LOOKUP(D11:D40,name!$B$2:$B$9,name!$A$2:$A$9) -> 3 | D11: Лакомство | E11: =LOOKUP(F11:F40,quantityType!$B$2,quantityType!$A$2) -> 1 | F11: шт. | G11: 170 | H11: 5 | I11: =LOOKUP(J11:J40,producer!$B$2:$B$14,producer!$A$2:$A$14) -> 10 | J11: Triol | K11: =LOOKUP(L11:L40,deliverer!$B$2:$B$3,deliverer!$A$2:$A$3) -> 2 | L11: ZooMir | M11: =LOOKUP(N11:N40,category!$B$2:$B$4,category!$A$2:$A$4) -> 3 | N11: Товары для собак | O11: 5 | P11: 5 | Q11: Лакомство для собак Triol Кость из жил 7.5 см, 4шт. в уп. | R11: E431R5.png | S11: NULL
A12: 11 | B12: D563F4 | C12: =LOOKUP(D12:D41,name!$B$2:$B$9,name!$A$2:$A$9) -> 1 | D12: Игрушка | E12: =LOOKUP(F12:F41,quantityType!$B$2,quantityType!$A$2) -> 1 | F12: шт. | G12: 600 | H12: 10 | I12: =LOOKUP(J12:J41,producer!$B$2:$B$14,producer!$A$2:$A$14) -> 10 | J12: Triol | K12: =LOOKUP(L12:L41,deliverer!$B$2:$B$3,deliverer!$A$2:$A$3) -> 1 | L12: PetShop | M12: =LOOKUP(N12:N41,category!$B$2:$B$4,category!$A$2:$A$4) -> 3 | N12: Товары для собак | O12: 5 | P12: 5 | Q12: Игрушка для собак Triol Бобер 41 см 12141053 бежевый | R12: NULL | S12: NULL
A13: 12 | B13: H436R4 | C13: =LOOKUP(D13:D42,name!$B$2:$B$9,name!$A$2:$A$9) -> 1 | D13: Игрушка | E13: =LOOKUP(F13:F42,quantityType!$B$2,quantityType!$A$2) -> 1 | F13: шт. | G13: 300 | H13: 15 | I13: =LOOKUP(J13:J42,producer!$B$2:$B$14,producer!$A$2:$A$14) -> 10 | J13: Triol | K13: =LOOKUP(L13:L42,deliverer!$B$2:$B$3,deliverer!$A$2:$A$3) -> 1 | L13: PetShop | M13: =LOOKUP(N13:N42,category!$B$2:$B$4,category!$A$2:$A$4) -> 3 | N13: Товары для собак | O13: 2 | P13: 15 | Q13: Игрушка для собак Triol 3D плетение EC-04/12171005 бежевый | R13: NULL | S13: NULL
... A31: 30 | B31: W548O7 | C31: =LOOKUP(D31:D60,name!$B$2:$B$9,name!$A$2:$A$9) -> 7 | D31: Сухой корм | E31: =LOOKUP(F31:F60,quantityType!$B$2,quantityType!$A$2) -> 1 | F31: шт. | G31: 600 | H31: 15 | I31: =LOOKUP(J31:J60,producer!$B$2:$B$14,producer!$A$2:$A$14) -> 3 | J31: Dog Chow | K31: =LOOKUP(L31:L60,deliverer!$B$2:$B$3,deliverer!$A$2:$A$3) -> 1 | L31: PetShop | M31: =LOOKUP(N31:N60,category!$B$2:$B$4,category!$A$2:$A$4) -> 3 | N31: Товары для собак | O31: 5 | P31: 15 | Q31: Сухой корм для щенков DOG CHOW Puppy, ягненок 2.5 кг | R31: NULL | S31: NULL

Sheet name
A1: id | B1: itemName
A2: 1 | B2: Игрушка
A3: 2 | B3: Клетка
A4: 3 | B4: Лакомство
A5: 4 | B5: Лежак
A6: 5 | B6: Миска
A7: 6 | B7: Мячик
A8: 7 | B8: Сухой корм
A9: 8 | B9: Щетка-варежка

Sheet quantityType
A1: id | B1: quantityTypeName
A2: 1 | B2: шт.

Sheet category
A1: id | B1: categoryName
A2: 1 | B2: Для животных
A3: 2 | B3: Товары для кошек
A4: 3 | B4: Товары для собак

Sheet deliverer
A1: id | B1: delivererName
A2: 1 | B2: PetShop
A3: 2 | B3: ZooMir

Sheet producer
A1: id | B1: producerName
A2: 1 | B2: Cat Chow
A3: 2 | B3: Chappy
A4: 3 | B4: Dog Chow
A5: 4 | B5: Dreames
A6: 5 | B6: Fancy Pets
A7: 6 | B7: LIKER
A8: 7 | B8: Nobby
A9: 8 | B9: Pro Plan
A10: 9 | B10: TitBit
A11: 10 | B11: Triol
A12: 11 | B12: trixie
A13: 12 | B13: True Touch
A14: 13 | B14: ZooM

Sheet roles
A1: id | B1: rolesName
A2: 1 | B2: Администратор
A3: 2 | B3: Клиент
A4: 3 | B4: Менеджер

Sheet status
A1: id | B1: statusName
A2: 1 | B2: Завершен
A3: 2 | B3: Новый

Sheet city
A1: id | B1: cityName
A2: 1 | B2: г.Нефтеюганск

Sheet street
A1: id | B1: streetName
A2: 1 | B2: ул. 8 Марта
A3: 2 | B3: ул. Вишневая
A4: 3 | B4: ул. Гоголя
A5: 4 | B5: ул. Дзержинского
A6: 5 | B6: ул. Зеленая
A7: 6 | B7: ул. Коммунистическая
A8: 7 | B8: ул. Комсомольская
A9: 8 | B9: ул. Маяковского
A10: 9 | B10: ул. Мичурина
A11: 10 | B11: ул. Молодежная
A12: 11 | B12: ул. Набережная
A13: 12 | B13: ул. Некрасова
... A31: 30 | B31: ул. Клубная
